<?xml version="1.0" encoding="UTF-8" standalone="yes" ?>
<appProperties xmlns="http://schemas.mathworks.com/matlab/app/2012/appProperties" signature="C432BEC54A1EA50E1EFF43708FCFE13A9EEFBF84">

  <entryPoint>Quant4D</entryPoint>

  <name>Quant4D</name>

  <version>2020.11.17</version>

  <createdByMATLABRelease>(R2019b)</createdByMATLABRelease>

  <GUID>2a71191e-515a-4b73-a8d2-d3f9a5d0c219</GUID>

  <summary>This app is designed to allow for rapid manipulation of large experimental or simulated 4DSTEM datasets.</summary>

  <description>Features include: round, annular, segmented, center-of-mass, and virtual aperture detectors. Images can be formed very rapidly for quickly analyzing 4DSTEM datasets. Data can be loaded into physical memory, or as a memory-mapped file for systems with limited memory, or especially large datasets.</description>

  <author>
    <name>Bryan D Esser</name>
    <contact>bryan.d.esser@gmail.com</contact>
    <organization></organization>
  </author>

  <supportedPlatforms/>

  <requiredProducts/>

  <numFiles>19</numFiles>

  <created>2020-11-17T00:09:27Z</created>

  <appEntries>
    <appFile>/icons/up_arrow.png</appFile>
    <appFile>/icons/pan.png</appFile>
    <appFile>/icons/plus_icon.png</appFile>
    <appFile>/icons/help.png</appFile>
    <appFile>/icons/minus_icon.png</appFile>
    <appFile>/import4Dstem.mlapp</appFile>
    <appFile>/icons/autoSave.png</appFile>
    <appFile>/icons/down_arrow.png</appFile>
    <appFile>/icons/right_rotate.png</appFile>
    <appFile>/icons/save.png</appFile>
    <appFile>/Quant4D.mlapp</appFile>
    <appFile>/icons/link.png</appFile>
    <appFile>/save4Dimages.mlapp</appFile>
    <appFile>/icons/left_arrow.png</appFile>
    <appFile>/icons/invertColors.png</appFile>
    <appFile>/icons/left_rotate.png</appFile>
    <appFile>/icons/restoreView.png</appFile>
    <appFile>/icons/right_arrow.jpg</appFile>
    <appFile>/icons/zoom.png</appFile>
  </appEntries>

</appProperties>
