<?xml version="1.0" encoding="UTF-8" standalone="yes" ?><cp:coreProperties xmlns:cp="http://schemas.openxmlformats.org/package/2006/metadata/core-properties" xmlns:dc="http://purl.org/dc/elements/1.1/" xmlns:dcmitype="http://purl.org/dc/dcmitype/" xmlns:dcterms="http://purl.org/dc/terms/" xmlns:xsi="http://www.w3.org/2001/XMLSchema-instance"><dcterms:created xsi:type="dcterms:W3CDTF">2020-11-17T00:09:27Z</dcterms:created><dc:creator>Bryan D Esser</dc:creator><dc:description>Features include: round, annular, segmented, center-of-mass, and virtual aperture detectors. Images can be formed very rapidly for quickly analyzing 4DSTEM datasets. Data can be loaded into physical memory, or as a memory-mapped file for systems with limited memory, or especially large datasets.</dc:description><dc:title>Quant4D</dc:title><cp:version>2020.11.17</cp:version></cp:coreProperties>