<?xml version="1.0" encoding="UTF-8" standalone="yes" ?><fileEntries xmlns="http://schemas.mathworks.com/matlab/compiler/2011/fileManifest" encoding="UTF-8" platform="glnxa64"><fileEntry content="/fsroot/Quant4D.mlapp" date="2020-10-19T02:44:14Z" name="/Quant4D.mlapp" permissions="33188" type="File"/><fileEntry content="/fsroot/icons/autoSave.png" date="2020-04-09T00:55:05Z" name="/icons/autoSave.png" permissions="33188" type="File"/><fileEntry content="/fsroot/icons/down_arrow.png" date="2019-01-15T02:30:32Z" name="/icons/down_arrow.png" permissions="33261" type="File"/><fileEntry content="/fsroot/icons/help.png" date="2019-10-17T04:35:33Z" name="/icons/help.png" permissions="33261" type="File"/><fileEntry content="/fsroot/icons/invertColors.png" date="2020-08-27T09:06:28Z" name="/icons/invertColors.png" permissions="33204" type="File"/><fileEntry content="/fsroot/icons/left_arrow.png" date="2019-01-15T02:29:59Z" name="/icons/left_arrow.png" permissions="33261" type="File"/><fileEntry content="/fsroot/icons/left_rotate.png" date="2018-08-16T20:18:59Z" name="/icons/left_rotate.png" permissions="33261" type="File"/><fileEntry content="/fsroot/icons/link.png" date="2020-04-19T07:58:19Z" name="/icons/link.png" permissions="33188" type="File"/><fileEntry content="/fsroot/icons/minus_icon.png" date="2018-08-16T17:20:24Z" name="/icons/minus_icon.png" permissions="33261" type="File"/><fileEntry content="/fsroot/icons/pan.png" date="2018-07-20T23:11:04Z" name="/icons/pan.png" permissions="33261" type="File"/><fileEntry content="/fsroot/icons/plus_icon.png" date="2018-08-16T17:07:59Z" name="/icons/plus_icon.png" permissions="33261" type="File"/><fileEntry content="/fsroot/icons/restoreView.png" date="2020-09-02T01:22:23Z" name="/icons/restoreView.png" permissions="33261" type="File"/><fileEntry content="/fsroot/icons/right_arrow.jpg" date="2019-01-15T02:00:04Z" name="/icons/right_arrow.jpg" permissions="33261" type="File"/><fileEntry content="/fsroot/icons/right_rotate.png" date="2018-08-16T20:19:49Z" name="/icons/right_rotate.png" permissions="33261" type="File"/><fileEntry content="/fsroot/icons/save.png" date="2020-04-09T00:55:48Z" name="/icons/save.png" permissions="33188" type="File"/><fileEntry content="/fsroot/icons/up_arrow.png" date="2019-01-15T02:16:41Z" name="/icons/up_arrow.png" permissions="33261" type="File"/><fileEntry content="/fsroot/icons/zoom.png" date="2018-07-20T22:58:03Z" name="/icons/zoom.png" permissions="33261" type="File"/><fileEntry content="/fsroot/import4Dstem.mlapp" date="2020-09-08T07:08:56Z" name="/import4Dstem.mlapp" permissions="33261" type="File"/><fileEntry content="/fsroot/save4Dimages.mlapp" date="2020-10-18T23:08:45Z" name="/save4Dimages.mlapp" permissions="33204" type="File"/></fileEntries>